[{"id": 0, "calendarId": "venster99", "title": "Wrecked Culture + Passed Out + Minus Youth +  Reality Shift", "category": "time", "start": "2025-10-03T20:00:00+02:00", "end": "2025-10-03T23:45:00+02:00", "location": "Venster99", "body": "<p>Ohne bar</p>\n<p>technik: felix<br>venster: Judith+lauti</p>\n<p>NV unterschrieben\u00a0</p>", "color": "#ffffff", "bgColor": "#0017e7", "borderColor": "#ab3722"}, {"id": 1, "calendarId": "venster99", "title": "GNEVER + Imants Daksis & Mersedes Margoit >>> by gottrekorder", "category": "time", "start": "2025-10-09T20:00:00+02:00", "end": "2025-10-09T23:45:00+02:00", "location": "Venster99", "body": "<p>Mit Bar</p>\n<p>Technik: Adam<br>Venster: Tamas</p>\n<p>NV unterschrieben</p>", "color": "#ffffff", "bgColor": "#0017e7", "borderColor": "#ab3722"}, {"id": 2, "calendarId": "venster99", "title": "Karg + Enkyri >>> kleines Vereinsfest by Fomo Concerts", "category": "time", "start": "2025-10-10T20:00:00+02:00", "end": "2025-10-10T23:45:00+02:00", "location": "Venster99", "body": "<p>inkl. Bar</p>\n<p>Technik: [Domsch]<br>Venster: Judith\u00a0</p>\n<p>NV unterschrieben</p>", "color": "#ffffff", "bgColor": "#0017e7", "borderColor": "#ab3722"}, {"id": 3, "calendarId": "venster99", "title": "Onyon, Topsy Turvy, Stereo Deathray", "category": "time", "start": "2025-10-11T20:00:00+02:00", "end": "2025-10-11T23:45:00+02:00", "location": "Venster99", "body": "<p>Mit Bar</p>\n<p>Technik: Tofu ab 19:30<br>Venster: Lauti</p>\n<p>NV noch nicht unterschrieben</p>", "color": "#ffffff", "bgColor": "#0017e7", "borderColor": "#ab3722"}, {"id": 4, "calendarId": "venster99", "title": "CHEMICAL THREAT (d) / DETONATOR (d) / COMPETE [Start 16:00]", "category": "time", "start": "2025-10-12T16:00:00+02:00", "end": "2025-10-12T20:00:00+02:00", "location": "Venster99", "body": "<p>Ohne Bar</p>\n<p>Technik: Felix<br>Venster: Tamas</p>\n<p>NV unterschrieben</p>", "color": "#ffffff", "bgColor": "#0017e7", "borderColor": "#ab3722"}, {"id": 5, "calendarId": "venster99", "title": "FIRESTARTER (usa) / SLOW BURN (d) / STEPPED OUT (cro) / INFLUENCE", "category": "time", "start": "2025-10-13T20:00:00+02:00", "end": "2025-10-13T23:45:00+02:00", "location": "Venster99", "body": "<p>Ohne Bar</p>\n<p>Technik: felix<br>Venster: Tamas</p>\n<p>NV noch nicht unterschrieben\u00a0</p>", "color": "#ffffff", "bgColor": "#0017e7", "borderColor": "#ab3722"}, {"id": 6, "calendarId": "venster99", "title": "Muro (col) + Pressure Drop", "category": "time", "start": "2025-10-15T20:00:00+02:00", "end": "2025-10-15T23:45:00+02:00", "location": "Venster99", "body": "<p>Mit Bar</p>\n<p>echnik: Felix<br>\nVenster: Besen</p>", "color": "#ffffff", "bgColor": "#0017e7", "borderColor": "#ab3722"}, {"id": 7, "calendarId": "venster99", "title": "NEGATIVE BLAST (usa) / GRIMMS EYE / FATAL PATH", "category": "time", "start": "2025-10-16T20:00:00+02:00", "end": "2025-10-16T23:45:00+02:00", "location": "Venster99", "body": "<p>ohne Bar</p>\n<p>Technik: domsch<br>Venster: tamas</p>\n<p>NV unterschrieben</p>", "color": "#ffffff", "bgColor": "#0017e7", "borderColor": "#ab3722"}, {"id": 8, "calendarId": "venster99", "title": "Morphine Pilgrims, Count Catfish, Bunt Cunnies", "category": "time", "start": "2025-10-17T20:00:00+02:00", "end": "2025-10-17T23:00:00+02:00", "location": "Venster99", "body": "<p>Mit Bar</p>\n<p>Technik:Kirschgott+BandTech<br>Venster: Lauti</p>\n<p>NV unterschrieben</p>", "color": "#ffffff", "bgColor": "#0017e7", "borderColor": "#ab3722"}, {"id": 9, "calendarId": "venster99", "title": "St. Mincer/ Sunshine Friendship / Stalker / Putin Kills", "category": "time", "start": "2025-10-18T20:00:00+02:00", "end": "2025-10-18T23:00:00+02:00", "location": "Venster99", "body": "<p>Mit Bar</p>\n<p>Technik: Kirschgott<br>Venster: Lauti</p>\n<p>NV unterschrieben</p>", "color": "#ffffff", "bgColor": "#0017e7", "borderColor": "#ab3722"}, {"id": 10, "calendarId": "venster99", "title": "Jack (hun) + Fucking Complex + Nowitschok 5", "category": "time", "start": "2025-10-23T20:00:00+02:00", "end": "2025-10-23T23:45:00+02:00", "location": "Venster99", "body": "<p>Ohne Bar<br>Venster: Tamas<br>Tech: Felix</p>\n<p>NV wird am 7.10. unterschrieben</p>\n<p>Bands:</p>\n<p>Jack - grindpunk hungary\u00a0<a href=\"http://jackgrindpunk.bandcamp.com\" target=\"_blank\" rel=\"noreferrer noopener external\">http://jackgrindpunk.bandcamp.com</a><br>Fucking Complex - hardcorepunk <a target=\"_blank\" rel=\"noreferrer noopener external\">austria https://fuckingcomplex.bandcamp.com</a><a target=\"_blank\" rel=\"noreferrer noopener external\">\u00a0 \u00a0</a><br>Nowitschok 5 - grindpunk Austria <a href=\"https://youtu.be/qaB4mMRuBI4\" target=\"_blank\" rel=\"noreferrer noopener external\">https://youtu.be/qaB4mMRuBI4</a>\u00a0</p>", "color": "#ffffff", "bgColor": "#0017e7", "borderColor": "#ab3722"}, {"id": 11, "calendarId": "venster99", "title": "Kuku-Solifest: Haram (usa) + Hektiks", "category": "time", "start": "2025-10-24T20:00:00+02:00", "end": "2025-10-24T23:45:00+02:00", "location": "Venster99", "body": "<p>Mit Bar</p>\n<p>Technik: Felix<br>Venster: Lauti</p>\n<p>NV noch nicht unterschrieben</p>", "color": "#ffffff", "bgColor": "#0017e7", "borderColor": "#ab3722"}, {"id": 12, "calendarId": "venster99", "title": "Verrat, W\u00fct, Thosar, Chorosia >>> kleines Vereinsfest by Fomo concerts", "category": "time", "start": "2025-10-25T20:00:00+02:00", "end": "2025-10-25T23:45:00+02:00", "location": "Venster99", "body": "<p>Mit Bar</p>\n<p>Technik: Domsch<br>Venster: Stefan</p>\n<p>NV unterschrieben</p>", "color": "#ffffff", "bgColor": "#0017e7", "borderColor": "#ab3722"}, {"id": 13, "calendarId": "venster99", "title": "Liquids (USA) + C. A. M. O.", "category": "time", "start": "2025-10-26T20:00:00+01:00", "end": "2025-10-26T23:45:00+01:00", "location": "Venster99", "body": "<p>ohne Bar</p>\n<p>Technik: felix<br>\nVentser: judith</p>\n<p>NV unterschrieben</p>\n<p>Punk (<a href=\"https://liquids1.bandcamp.com\" target=\"_blank\" rel=\"noreferrer noopener external\">https://liquids1.bandcamp.com</a>)</p>", "color": "#ffffff", "bgColor": "#0017e7", "borderColor": "#ab3722"}, {"id": 14, "calendarId": "venster99", "title": "Discure, Saturnists, Ellereve >>> kleines Vereinsfest by Fomo concerts", "category": "time", "start": "2025-11-01T20:00:00+01:00", "end": "2025-11-01T23:45:00+01:00", "location": "Venster99", "body": "<p>Mit Bar</p>\n<p>Technik: [Domsch]<br>Venster: Stefan</p>\n<p>NV unterschrieben</p>", "color": "#ffffff", "bgColor": "#0017e7", "borderColor": "#ab3722"}, {"id": 15, "calendarId": "venster99", "title": "TH DA FREAK / GLUT / SWELLE", "category": "time", "start": "2025-11-13T20:00:00+01:00", "end": "2025-11-13T23:45:00+01:00", "location": "Venster99", "body": "<p>Mit Bar</p>\n<p>Technik: Felix\u00a0<br>Venster: Barb</p>\n<p>NV unterschrieben\u00a0</p>", "color": "#ffffff", "bgColor": "#0017e7", "borderColor": "#ab3722"}, {"id": 16, "calendarId": "venster99", "title": "Teresa Riemann, Vultures, Hyenas and Coyotes, Lunchbreak", "category": "time", "start": "2025-11-21T20:00:00+01:00", "end": "2025-11-21T23:45:00+01:00", "location": "Venster99", "body": "<p>Ohne bar</p>\n<p>Technik: adam<br>venster: Elke</p>\n<p>nv noch nicht unterschrieben\u00a0</p>", "color": "#ffffff", "bgColor": "#0017e7", "borderColor": "#ab3722"}, {"id": 17, "calendarId": "venster99", "title": "Trauma glow", "category": "time", "start": "2025-11-22T19:30:00+01:00", "end": "2025-11-22T23:45:00+01:00", "location": "Venster99", "body": "<p>Nv unterschieben</p>\n<p>Host tamasch Technik:dani\nOhne bar</p>", "color": "#ffffff", "bgColor": "#0017e7", "borderColor": "#ab3722"}, {"id": 18, "calendarId": "venster99", "title": "Hyperdog", "category": "time", "start": "2025-12-05T19:30:00+01:00", "end": "2025-12-05T23:45:00+01:00", "location": "Venster99", "body": "<p>Nv unterschrieben<br>\nHost tamasch<br>\nTechnik dani\nOhne bar</p>", "color": "#ffffff", "bgColor": "#0017e7", "borderColor": "#ab3722"}, {"id": 19, "calendarId": "venster99", "title": "Spogelse + Urban Misery", "category": "time", "start": "2025-12-07T20:00:00+01:00", "end": "2025-12-07T23:45:00+01:00", "location": "Venster99", "body": "<p>mit bar</p>\n<p>venster: stefan?<br>Technik: Tofu</p>\n<p>NV unterschrieben</p>", "color": "#ffffff", "bgColor": "#0017e7", "borderColor": "#ab3722"}, {"id": 20, "calendarId": "venster99", "title": "Grove Street (uk) / Doomsday (us)", "category": "time", "start": "2025-12-10T20:00:00+01:00", "end": "2025-12-10T23:45:00+01:00", "location": "Venster99", "body": "<p>Ohne Bar</p>\n<p>Technik: Felix/dani<br>Venster: tamas</p>\n<p>NV unterschrieben</p>", "color": "#ffffff", "bgColor": "#0017e7", "borderColor": "#ab3722"}, {"id": 21, "calendarId": "venster99", "title": "Neuroot [nl] + Extreme + Pressure Drop", "category": "time", "start": "2025-12-13T18:00:00+01:00", "end": "2025-12-13T23:45:00+01:00", "location": "Venster99", "body": "<p>Mit Muh and the Gang bar<br>\nTechnik: domsch?<br>\nVenster: besen</p>\n<p>NV unterschrieben</p>", "color": "#ffffff", "bgColor": "#0017e7", "borderColor": "#ab3722"}, {"id": 22, "calendarId": "venster99", "title": "Frauentag Soli", "category": "time", "start": "2026-03-06T20:00:00+01:00", "end": "2026-03-06T23:45:00+01:00", "location": "Venster99", "body": "<p>Mit Bar</p>\n<p>Technik: Johannes<br>Venster: Elke / Stefan</p>\n<p>NV unterschrieben</p>", "color": "#ffffff", "bgColor": "#0017e7", "borderColor": "#ab3722"}, {"id": 0, "calendarId": "flex", "title": "ESDEEKID", "category": "time", "start": "2025-10-01T19:00:00+02:00", "end": "2025-10-01T23:00:00+02:00", "location": "Flex", "body": "<p>HOCHVERLEGUNG INS FLEX!!!</p>\\n", "color": "#ffffff", "bgColor": "#0017e7", "borderColor": "#f9d34d"}, {"id": 1, "calendarId": "flex", "title": "Bionic Ritual", "category": "time", "start": "2025-10-03T23:00:00+02:00", "end": "2025-10-03T23:00:00+02:00", "location": "Flex", "body": "<p>DAKSINAMURTI NAIMA ARCHETYPES LOGIC PSYCHO INSANO & CAMSIS DHARMATRONIC (1st time in Vienna) 3D MAPPING by SPEKTRUM _________________________________________________________________ Seid gegr\u00fc\u00dft Freunde der psychedelischen Tanzmusik,mit gro\u00dfen Schritten kommt das n\u00e4chste Ritual FLEX auf uns zu!Auf mehrfachen Wunsch ist es jetzt endlich soweit, dass uns SANGOMA RECORDS Mitbegr\u00fcnder Till aka DAKSINAMURTI in Wien besucht!Daksinamurti ist bekannt f\u00fcr [\u2026]</p>\\n", "color": "#ffffff", "bgColor": "#0017e7", "borderColor": "#f9d34d"}, {"id": 2, "calendarId": "flex", "title": "Abor & Tynna", "category": "time", "start": "2025-10-04T19:00:00+02:00", "end": "2025-10-04T23:00:00+02:00", "location": "Flex", "body": "<p>Aufgund der hohen Nachfrage wurde die Show hochverlegt. Bereits gekaufte Tickets bleiben g\u00fcltig. Das Wiener Geschwister-Duo Abor & Tynna sorgt mit seiner Fusion aus Elektro, Discopop und 80s-Flair f\u00fcr Furore. Mit treibenden Beats, cleveren Lyrics und einer einzigartigen B\u00fchnenenergie haben sie sich in k\u00fcrzester Zeit eine wachsende Fanbase, u.a. als Support von Nina Chuba, erspielt. [\u2026]</p>\\n", "color": "#ffffff", "bgColor": "#0017e7", "borderColor": "#f9d34d"}, {"id": 3, "calendarId": "flex", "title": "Spectrum", "category": "time", "start": "2025-10-04T23:00:00+02:00", "end": "2025-10-04T23:00:00+02:00", "location": "Flex", "body": "", "color": "#ffffff", "bgColor": "#0017e7", "borderColor": "#f9d34d"}, {"id": 4, "calendarId": "flex", "title": "Abor & Tynna", "category": "time", "start": "2025-10-05T19:00:00+02:00", "end": "2025-10-05T23:00:00+02:00", "location": "Flex", "body": "<p>Abor & Tynna Bitters\u00fc\u00df - Tour 2025 - Zusatzshow Das Wiener Geschwister-Duo Abor & Tynna sorgt mit seiner Fusion aus Elektro, Discopop und 80s-Flair f\u00fcr Furore. Mit treibenden Beats, cleveren Lyrics und einer einzigartigen B\u00fchnenenergie haben sie sich in k\u00fcrzester Zeit eine wachsende Fanbase, u.a. als Support von Nina Chuba, erspielt. Jetztsteht ihr bislang gr\u00f6\u00dftes [\u2026]</p>\\n", "color": "#ffffff", "bgColor": "#0017e7", "borderColor": "#f9d34d"}, {"id": 5, "calendarId": "flex", "title": "Gizmo Varillas", "category": "time", "start": "2025-10-08T19:00:00+02:00", "end": "2025-10-08T23:00:00+02:00", "location": "Flex", "body": "<p>Gizmo Varillas \u2013 der in Gro\u00dfbritannien lebende spanische Singer-Songwriter \u2013 hat seinen ganz eigenen Sound kreiert: schwer fassbar und kaum zu klassifizieren. Seine Musik basiert auf unglaublich vielf\u00e4ltigen musikalischen Einfl\u00fcsse und auch die Liste an Instrumenten die er daf\u00fcr zum Einsatz bringt ist schier endlos. Mit einer zeitgem\u00e4\u00dfen Message, die viele ansprechen wird, schafft er [\u2026]</p>\\n", "color": "#ffffff", "bgColor": "#0017e7", "borderColor": "#f9d34d"}, {"id": 6, "calendarId": "flex", "title": "Allie Sherlock", "category": "time", "start": "2025-10-09T19:00:00+02:00", "end": "2025-10-09T23:00:00+02:00", "location": "Flex", "body": "<p>Allie Sherlock, a 19-year-old singer-songwriter from Cork, Ireland, began her musical journey performing on the streets of Cork and Dublin. Her distinctive voice and captivating presence have earned her a global fanbase, with over 14.5 million followers across social media platforms. Allie has had the opportunity to share the stage as a supporting artist for [\u2026]</p>\\n", "color": "#ffffff", "bgColor": "#0017e7", "borderColor": "#f9d34d"}, {"id": 7, "calendarId": "flex", "title": "DRUNKEN MASTERS", "category": "time", "start": "2025-10-09T19:00:00+02:00", "end": "2025-10-09T23:00:00+02:00", "location": "Flex", "body": "<p>Zahlreiche ausverkaufte Tourstopps in den letzten Jahren, schwei\u00dfnasse Clubs, Abriss in der Crowd und kein Ende in Sicht \u2013 DIE DEMONTAGE GEHT WEITER! Joe und Chrissi haben bereits auf zahlreichen B\u00fchnen in vielen verschiedenen L\u00e4ndern begeistert \u2013 von intimen Clubs bis hin zu gro\u00dfen Festivals haben die\u00a0Drunken Masters\u00a0mit ihrer energiegeladenen B\u00fchnenpr\u00e4senz f\u00fcr unvergessliche Konzerterlebnisse gesorgt. [\u2026]</p>\\n", "color": "#ffffff", "bgColor": "#0017e7", "borderColor": "#f9d34d"}, {"id": 8, "calendarId": "flex", "title": "Teuterekordz", "category": "time", "start": "2025-10-10T19:00:00+02:00", "end": "2025-10-10T23:00:00+02:00", "location": "Flex", "body": "<p>Teuterekordz Das k\u00f6nnte wild werden! Die Rapcrew Teuterekordz aus Berlin Prenzlauer Berg geht auch 2025 erneut auf Konzertreise \u2013 auf \u201eTotal Raus Tour\u201c. Der Tourtitel zeigt eindeutig an, wohin die Reise gehen soll und gibt gleichzeitig eine Referenz auf die gleichnamige EP aus 2019, die den eingefleischten Fans noch ein Begri\ufb00 sein d\u00fcrfte. \u201eTeute\u201c steht [\u2026]</p>\\n", "color": "#ffffff", "bgColor": "#0017e7", "borderColor": "#f9d34d"}, {"id": 9, "calendarId": "flex", "title": "biologie party", "category": "time", "start": "2025-10-10T22:00:00+02:00", "end": "2025-10-10T22:00:00+02:00", "location": "Flex", "body": "", "color": "#ffffff", "bgColor": "#0017e7", "borderColor": "#f9d34d"}, {"id": 10, "calendarId": "flex", "title": "BULGARIAN CARTRADER", "category": "time", "start": "2025-10-11T19:00:00+02:00", "end": "2025-10-11T23:00:00+02:00", "location": "Flex", "body": "<p>Lasst euch von Bulgarian Cartrader und seiner fantastischen Band auf eine magische Reise entf\u00fchren: Soulgaria - ein Land, der tr\u00e4umerischen Gedankenwelt des K\u00fcnstlers entsprungen, ein Refugium von Fantasie und grenzenloser Inspiration. Von Indie-Musik \u00fcber Jazz bis Soul ist f\u00fcr Freund*innen anspruchsvoller Unterhaltungsmusik alles mit dabei. Ein Abend in Soulgaria ist erf\u00fcllt von Tanz, sanften Moshpits, [\u2026]</p>\\n", "color": "#ffffff", "bgColor": "#0017e7", "borderColor": "#f9d34d"}, {"id": 11, "calendarId": "flex", "title": "Dub Fx+Woodnote", "category": "time", "start": "2025-10-11T19:00:00+02:00", "end": "2025-10-11T23:00:00+02:00", "location": "Flex", "body": "<p>Esteemed Vibe Seeker, For nearly two decades, Dub FX and Woodnote have been using frequencies and resonance to awaken minds and elevate spirits. From September to December 2025 they will be on tour yet again throughout Europe to perform and bring together people who believe in music\u2019s power to inspire change and spark awareness. This [\u2026]</p>\\n", "color": "#ffffff", "bgColor": "#0017e7", "borderColor": "#f9d34d"}, {"id": 12, "calendarId": "flex", "title": "THE HIVE", "category": "time", "start": "2025-10-11T23:00:00+02:00", "end": "2025-10-11T23:00:00+02:00", "location": "Flex", "body": "<p>THE HIVE proudly presents: FLOWIDUS (AUS) Support: Clank & Maider Cobra Kaikala Nestroy MC Daxta \u20ac16.- Pre-Sale Tickets (Fees Included) Abendkassa (price at the door): \u20ac18.- Entry: 16+</p>\\n", "color": "#ffffff", "bgColor": "#0017e7", "borderColor": "#f9d34d"}, {"id": 13, "calendarId": "flex", "title": "Ramirez", "category": "time", "start": "2025-10-13T19:00:00+02:00", "end": "2025-10-13T23:00:00+02:00", "location": "Flex", "body": "<p>From Frisco With Love - UK / EU Tour San Francisco-born rapper\u00a0RAMIREZ, co-founder of the influential underground label\u00a0G*59 Records, is bringing his explosive energy and raw lyricism to the stage. Known for his gritty flows, phonk-heavy beats, and hauntingly introspective bars,\u00a0RAMIREZ\u00a0has become a defining voice in modern underground hip-hop. Blending West Coast swagger with Southern [\u2026]</p>\\n", "color": "#ffffff", "bgColor": "#0017e7", "borderColor": "#f9d34d"}, {"id": 14, "calendarId": "flex", "title": "Tonic Walter", "category": "time", "start": "2025-10-16T19:00:00+02:00", "end": "2025-10-16T23:00:00+02:00", "location": "Flex", "body": "<p>Tonic Walter is an electronic music production duo from southern Germany made upof Maximilian Nestmann and Marcel Vckov. Formerly based in Munich and Berlin,the duo realized they could find true inspiration in their hometown of Altenstadt in theBavarian countryside. After originally meeting in elementary school and forming aband, Max and Marcel turned to electronic music, [\u2026]</p>\\n", "color": "#ffffff", "bgColor": "#0017e7", "borderColor": "#f9d34d"}, {"id": 15, "calendarId": "flex", "title": "BEAT IT", "category": "time", "start": "2025-10-17T23:00:00+02:00", "end": "2025-10-17T23:00:00+02:00", "location": "Flex", "body": "<p>Acutus b2b Slow B\u00f6hm b2b Improphil Jalen Mess b2b Shimazu Kapi b2b Kaser Menace b2b Hargita Tyo b2b Fourtex 5ha5h b2b Dnbreak Host of the Night: Dohiser MC \u20ac10,- all night long</p>\\n", "color": "#ffffff", "bgColor": "#0017e7", "borderColor": "#f9d34d"}, {"id": 16, "calendarId": "flex", "title": "Kolja Goldstein", "category": "time", "start": "2025-10-18T19:00:00+02:00", "end": "2025-10-18T23:00:00+02:00", "location": "Flex", "body": "", "color": "#ffffff", "bgColor": "#0017e7", "borderColor": "#f9d34d"}, {"id": 17, "calendarId": "flex", "title": "NXDIA", "category": "time", "start": "2025-10-18T19:00:00+02:00", "end": "2025-10-18T23:00:00+02:00", "location": "Flex", "body": "<p>ABOUT NXDIA Playful, riotous and unapologetic, with lashings of oversharing, Egyptian-Sudanese singer-songwriter Nxdia\u2019s powerful nature runs through every vein of their alt-pop signature. Born in Cairo and Manchester raised, Nxdia came into songwriting early in life by pouring their feelings into poetry and music to process the world around them, while yearning for a community [\u2026]</p>\\n", "color": "#ffffff", "bgColor": "#0017e7", "borderColor": "#f9d34d"}, {"id": 18, "calendarId": "flex", "title": "Vienna-A-Tek", "category": "time", "start": "2025-10-18T23:00:00+02:00", "end": "2025-10-18T23:00:00+02:00", "location": "Flex", "body": "", "color": "#ffffff", "bgColor": "#0017e7", "borderColor": "#f9d34d"}, {"id": 19, "calendarId": "flex", "title": "OOES", "category": "time", "start": "2025-10-21T19:00:00+02:00", "end": "2025-10-21T23:00:00+02:00", "location": "Flex", "body": "<p>Berlin, Amsterdam, Paris, and more \u2014 this fall, ooes will fill the largest cities in Europe with their music! The ooes concert is a unique space for vivid emotions and deep experiences. This is music that is born in the heart and continues to resonate even in complete silence. The hits \u00ablast summer\u00bb, \u00abrights\u00bb, \u00abnight\u00bb [\u2026]</p>\\n", "color": "#ffffff", "bgColor": "#0017e7", "borderColor": "#f9d34d"}, {"id": 20, "calendarId": "flex", "title": "Hitsujibungaku", "category": "time", "start": "2025-10-22T19:00:00+02:00", "end": "2025-10-22T23:00:00+02:00", "location": "Flex", "body": "<p>Hitsujibungaku are Moeka Shiotsuka (vo, g), Yurika Kasai (b), and Hiroa Fukuda (d), an alternative rock band with a power-infused sound and hints of a unique fragility. Their big break came in September 2023 when \u201cmore than words\u00a0\u201dwas released as the ending theme for TV anime \u201eJujutsu Kaisen: Shibuya Incident.\u201c The song garnered over 100M [\u2026]</p>\\n", "color": "#ffffff", "bgColor": "#0017e7", "borderColor": "#f9d34d"}, {"id": 21, "calendarId": "flex", "title": "VITA", "category": "time", "start": "2025-10-23T19:00:00+02:00", "end": "2025-10-23T23:00:00+02:00", "location": "Flex", "body": "<p>Was da los? Tour 2025 Ist das noch Ironie oder sind das schon Fakten? Eins ist in jedem Fall sicher: Wenn VITA rappt, wird es laut, direkt und ungesch\u00f6nt. Mit ihrer einzigartigen Mischung aus hoher Raptechnik, pr\u00e4ziser Attit\u00fcde und v\u00f6llig unabh\u00e4ngigem Spirit erobert sie 2025 die B\u00fchnen in Deutschland, \u00d6sterreich und der Schweiz mit ihrer [\u2026]</p>\\n", "color": "#ffffff", "bgColor": "#0017e7", "borderColor": "#f9d34d"}, {"id": 22, "calendarId": "flex", "title": "ALARMSIGNAL", "category": "time", "start": "2025-10-24T19:00:00+02:00", "end": "2025-10-24T23:00:00+02:00", "location": "Flex", "body": "<p>Um der Tristesse des Kleinstadtalltags in Celle zu entgehen, beschlie\u00dfen ein paar Freunde kurz nach der Jahrtausendwende, die Band\u00a0ALARMSIGNAL\u00a0zu gr\u00fcnden. Die ersten Songs sind schnell geschrieben. Die Clubs, in denen sie spielen, werden mit jedem Album gr\u00f6\u00dfer und schon bald sind sie auch auf gr\u00f6\u00dferen Festivals gern gesehene G\u00e4ste. Mit \u201eInsomnia\u201c erschien nun ihr mittlerweile [\u2026]</p>\\n", "color": "#ffffff", "bgColor": "#0017e7", "borderColor": "#f9d34d"}, {"id": 23, "calendarId": "flex", "title": "JLP", "category": "time", "start": "2025-10-24T19:00:00+02:00", "end": "2025-10-24T23:00:00+02:00", "location": "Flex", "body": "<p>JLP at FLEX CAFE Support: FLIEDA Flex Cafe, Augartenbr\u00fccke 1, 1010 Wien 24.10.2025 - 19:00 Einlass ab 24.10.2025 19:00 Uhrbis 25.10.2025 00:00 Uhr Die Wiener Rockband JLP gibt ihr Flex Debut, gemeinsam mit der Band Flieda. JLP Begonnen hat das Projekt im Wohnzimmer der Geschwister Jelena und Luka. Was als Duo gestartet hat, entwickelte sich [\u2026]</p>\\n", "color": "#ffffff", "bgColor": "#0017e7", "borderColor": "#f9d34d"}, {"id": 24, "calendarId": "flex", "title": "Step to Tek XL", "category": "time", "start": "2025-10-24T23:00:00+02:00", "end": "2025-10-24T23:00:00+02:00", "location": "Flex", "body": "<p>8 Jahre Step To Tek! Seit 8 Jahren liefern wir euch dicken Bass, legend\u00e4re N\u00e4chte & unvergessliche Momente \u2013 und das feiern wir mit einem ganz besonderen Birthday Special!F\u00fcr dieses Jubil\u00e4um haben wir einen ganz besonderen Gast f\u00fcr euch: NESH MAYDAY \u2013 LIVEZum allerersten Mal in \u00d6sterreich!Bekannt f\u00fcr seine brutalen Tribe-Live-Sets, wird er die Flexhalle [\u2026]</p>\\n", "color": "#ffffff", "bgColor": "#0017e7", "borderColor": "#f9d34d"}, {"id": 25, "calendarId": "flex", "title": "THORNHILL", "category": "time", "start": "2025-10-25T19:00:00+02:00", "end": "2025-10-25T23:00:00+02:00", "location": "Flex", "body": "<p>ThornhillHeadliner Ocean GroveSpecial Guest BloomSpecial Guest ABOUT THORNHILL Eternal purveyors of artful and engaging heavy creations, Thornhill possess a flair for nuanced rock beyond their influences. Via their ARIA Award-nominated 2022 album Heroine, Thornhill solidified a steadfast reputation as one of the most innovative and immersive heavy acts in the Australian scene, with Heroine debuting [\u2026]</p>\\n", "color": "#ffffff", "bgColor": "#0017e7", "borderColor": "#f9d34d"}, {"id": 26, "calendarId": "flex", "title": "SWITCH!", "category": "time", "start": "2025-10-25T23:00:00+02:00", "end": "2025-10-25T23:00:00+02:00", "location": "Flex", "body": "<p>GLADDE PALING KRYPTEK VDV Janex (One Last Ride) Pandora Demased B2B Fourtex Concept One Hosted by MC Jimmy Danger Live Visuals by Moving Eyes Eintritt ab 16 Jahren</p>\\n", "color": "#ffffff", "bgColor": "#0017e7", "borderColor": "#f9d34d"}, {"id": 27, "calendarId": "flex", "title": "Strandhase", "category": "time", "start": "2025-10-28T19:00:00+01:00", "end": "2025-10-28T23:00:00+01:00", "location": "Flex", "body": "<p>ALBUMRELEASESHOW \u2013 \u201cIm Panikraum ist nicht genug Platz\u201d Im Oktober ist es endlich so weit: Nach vier Jahren erscheint unser drittes Album Im Panikraum ist nicht genug Platz! Dieses monumentale Kapitel unserer Bandgeschichte wollen wir mit euch feiern \u2013 laut, wild und ausgelassen. Und das an einem Ort, an dem wir noch nie zuvor gespielt [\u2026]</p>\\n", "color": "#ffffff", "bgColor": "#0017e7", "borderColor": "#f9d34d"}, {"id": 28, "calendarId": "flex", "title": "KOKOROKO", "category": "time", "start": "2025-10-30T19:00:00+01:00", "end": "2025-10-30T23:00:00+01:00", "location": "Flex", "body": "<p>KOKOROKO Kokoroko first formed in 2014 when Sheila Maurice-Grey (trumpet/flugelhorn/vocals) and Onome Edgeworth (percussion) met on an arts trip in Kenya. The two bonded over their frustration with the lack of racial and gender diversity in the UK\u2019s afrobeat and highlife scenes. A desire to repair the disconnect young people in the African diaspora had [\u2026]</p>\\n", "color": "#ffffff", "bgColor": "#0017e7", "borderColor": "#f9d34d"}, {"id": 29, "calendarId": "flex", "title": "Deki Alem", "category": "time", "start": "2025-10-30T19:00:00+01:00", "end": "2025-10-30T23:00:00+01:00", "location": "Flex", "body": "", "color": "#ffffff", "bgColor": "#0017e7", "borderColor": "#f9d34d"}, {"id": 30, "calendarId": "flex", "title": "Jadu Heart", "category": "time", "start": "2025-10-31T19:00:00+01:00", "end": "2025-10-31T23:00:00+01:00", "location": "Flex", "body": "<p>Das britische Duo Jadu Heart \u2013 bestehend aus Diva-Sachy Jeffrey und Alex Headford \u2013 ist nun seit bald zehn Jahren gemeinsam musikalisch aktiv. Die aus London bzw. Huddersfield stammenden K\u00fcnstler:innen fanden dabei von Anfang an Anerkennung f\u00fcr ihre unabh\u00e4ngige Herangehensweise an Musikproduktion und ihre Erkundung verschiedener Genres. Den Fu\u00dfstapfen kultiger Boy/Girl-Formationen folgend haben sie mit [\u2026]</p>\\n", "color": "#ffffff", "bgColor": "#0017e7", "borderColor": "#f9d34d"}, {"id": 31, "calendarId": "flex", "title": "THE HIVE HALLOWEEN SPECIAL", "category": "time", "start": "2025-10-31T23:00:00+01:00", "end": "2025-10-31T23:00:00+01:00", "location": "Flex", "body": "<p>THE HIVE proudly presents: DOCUMENT ONE (UK) TR TACTICS (AT) CEEYA & NEMESIS (Let It Roll, CZ) Support: IZZY CONSTRUCT DNBREAK \u20ac18.- Limited Pre-Sale Tickets (with Fast Lane) Abendkassa (price at the door): \u20ac20.- Entry: 16+</p>\\n", "color": "#ffffff", "bgColor": "#0017e7", "borderColor": "#f9d34d"}, {"id": 32, "calendarId": "flex", "title": "Acht Eimer H\u00fchnerherzen", "category": "time", "start": "2025-11-01T19:00:00+01:00", "end": "2025-11-01T23:00:00+01:00", "location": "Flex", "body": "<p>Support IEDEREEN Acht Eimer H\u00fchnerherzen aus Deutschland sind ein halbakustisches Nylon-Saiten Trio, das die drei Musikstile Powerviolence-Folk, Kakophonie und Bindungsangst zu einer Melange kombiniert, die sich definitiv h\u00f6ren lassen kann. Wandergitarren-Punk mit Fuzz und Drive aus Kreuzberg (bei Berlin und Brandenburg) eben - gemacht f\u00fcr die gro\u00dfe, weite Welt. \"Nichts ist gut und alles k\u00f6nnte [\u2026]</p>\\n", "color": "#ffffff", "bgColor": "#0017e7", "borderColor": "#f9d34d"}, {"id": 33, "calendarId": "flex", "title": "BEAT IT", "category": "time", "start": "2025-11-01T23:00:00+01:00", "end": "2025-11-01T23:00:00+01:00", "location": "Flex", "body": "<p>DJs of the Night: ENDSEARCH F.Y.P.ZZ GOSH QUADRILLE WASTED 5HA5H \u20ac10,- all night long</p>\\n", "color": "#ffffff", "bgColor": "#0017e7", "borderColor": "#f9d34d"}, {"id": 34, "calendarId": "flex", "title": "Stereo MC\u2019s", "category": "time", "start": "2025-11-02T19:00:00+01:00", "end": "2025-11-02T23:00:00+01:00", "location": "Flex", "body": "<p>Stereo MCs z\u00e4hlen zu den einflussreichsten Acts der britischen Musikszene der 1990er-Jahre. Gegr\u00fcndet in London, verbindet die Band um Frontmann Rob Birch und Produzent Nick Hallam auf einzigartige Weise Hip-Hop, Electronica und alternative Dance-Elemente. Mit ihrem internationalen Durchbruchsalbum\u00a0Connected\u00a0(1992) und Hits wie \u201eConnected\u201c und \u201eStep It Up\u201c pr\u00e4gten sie eine ganze Generation und wurden zu Wegbereitern [\u2026]</p>\\n", "color": "#ffffff", "bgColor": "#0017e7", "borderColor": "#f9d34d"}, {"id": 35, "calendarId": "flex", "title": "Strandhase", "category": "time", "start": "2025-10-28T19:00:00+01:00", "end": "2025-10-28T23:00:00+01:00", "location": "Flex", "body": "<p>ALBUMRELEASESHOW \u2013 \u201cIm Panikraum ist nicht genug Platz\u201d Im Oktober ist es endlich so weit: Nach vier Jahren erscheint unser drittes Album Im Panikraum ist nicht genug Platz! Dieses monumentale Kapitel unserer Bandgeschichte wollen wir mit euch feiern \u2013 laut, wild und ausgelassen. Und das an einem Ort, an dem wir noch nie zuvor gespielt [\u2026]</p>\\n", "color": "#ffffff", "bgColor": "#0017e7", "borderColor": "#f9d34d"}, {"id": 36, "calendarId": "flex", "title": "KOKOROKO", "category": "time", "start": "2025-10-30T19:00:00+01:00", "end": "2025-10-30T23:00:00+01:00", "location": "Flex", "body": "<p>KOKOROKO Kokoroko first formed in 2014 when Sheila Maurice-Grey (trumpet/flugelhorn/vocals) and Onome Edgeworth (percussion) met on an arts trip in Kenya. The two bonded over their frustration with the lack of racial and gender diversity in the UK\u2019s afrobeat and highlife scenes. A desire to repair the disconnect young people in the African diaspora had [\u2026]</p>\\n", "color": "#ffffff", "bgColor": "#0017e7", "borderColor": "#f9d34d"}, {"id": 37, "calendarId": "flex", "title": "Deki Alem", "category": "time", "start": "2025-10-30T19:00:00+01:00", "end": "2025-10-30T23:00:00+01:00", "location": "Flex", "body": "", "color": "#ffffff", "bgColor": "#0017e7", "borderColor": "#f9d34d"}, {"id": 38, "calendarId": "flex", "title": "Jadu Heart", "category": "time", "start": "2025-10-31T19:00:00+01:00", "end": "2025-10-31T23:00:00+01:00", "location": "Flex", "body": "<p>Das britische Duo Jadu Heart \u2013 bestehend aus Diva-Sachy Jeffrey und Alex Headford \u2013 ist nun seit bald zehn Jahren gemeinsam musikalisch aktiv. Die aus London bzw. Huddersfield stammenden K\u00fcnstler:innen fanden dabei von Anfang an Anerkennung f\u00fcr ihre unabh\u00e4ngige Herangehensweise an Musikproduktion und ihre Erkundung verschiedener Genres. Den Fu\u00dfstapfen kultiger Boy/Girl-Formationen folgend haben sie mit [\u2026]</p>\\n", "color": "#ffffff", "bgColor": "#0017e7", "borderColor": "#f9d34d"}, {"id": 39, "calendarId": "flex", "title": "THE HIVE HALLOWEEN SPECIAL", "category": "time", "start": "2025-10-31T23:00:00+01:00", "end": "2025-10-31T23:00:00+01:00", "location": "Flex", "body": "<p>THE HIVE proudly presents: DOCUMENT ONE (UK) TR TACTICS (AT) CEEYA & NEMESIS (Let It Roll, CZ) Support: IZZY CONSTRUCT DNBREAK \u20ac18.- Limited Pre-Sale Tickets (with Fast Lane) Abendkassa (price at the door): \u20ac20.- Entry: 16+</p>\\n", "color": "#ffffff", "bgColor": "#0017e7", "borderColor": "#f9d34d"}, {"id": 40, "calendarId": "flex", "title": "Acht Eimer H\u00fchnerherzen", "category": "time", "start": "2025-11-01T19:00:00+01:00", "end": "2025-11-01T23:00:00+01:00", "location": "Flex", "body": "<p>Support IEDEREEN Acht Eimer H\u00fchnerherzen aus Deutschland sind ein halbakustisches Nylon-Saiten Trio, das die drei Musikstile Powerviolence-Folk, Kakophonie und Bindungsangst zu einer Melange kombiniert, die sich definitiv h\u00f6ren lassen kann. Wandergitarren-Punk mit Fuzz und Drive aus Kreuzberg (bei Berlin und Brandenburg) eben - gemacht f\u00fcr die gro\u00dfe, weite Welt. \"Nichts ist gut und alles k\u00f6nnte [\u2026]</p>\\n", "color": "#ffffff", "bgColor": "#0017e7", "borderColor": "#f9d34d"}, {"id": 41, "calendarId": "flex", "title": "BEAT IT", "category": "time", "start": "2025-11-01T23:00:00+01:00", "end": "2025-11-01T23:00:00+01:00", "location": "Flex", "body": "<p>DJs of the Night: ENDSEARCH F.Y.P.ZZ GOSH QUADRILLE WASTED 5HA5H \u20ac10,- all night long</p>\\n", "color": "#ffffff", "bgColor": "#0017e7", "borderColor": "#f9d34d"}, {"id": 42, "calendarId": "flex", "title": "Stereo MC\u2019s", "category": "time", "start": "2025-11-02T19:00:00+01:00", "end": "2025-11-02T23:00:00+01:00", "location": "Flex", "body": "<p>Stereo MCs z\u00e4hlen zu den einflussreichsten Acts der britischen Musikszene der 1990er-Jahre. Gegr\u00fcndet in London, verbindet die Band um Frontmann Rob Birch und Produzent Nick Hallam auf einzigartige Weise Hip-Hop, Electronica und alternative Dance-Elemente. Mit ihrem internationalen Durchbruchsalbum\u00a0Connected\u00a0(1992) und Hits wie \u201eConnected\u201c und \u201eStep It Up\u201c pr\u00e4gten sie eine ganze Generation und wurden zu Wegbereitern [\u2026]</p>\\n", "color": "#ffffff", "bgColor": "#0017e7", "borderColor": "#f9d34d"}, {"id": 43, "calendarId": "flex", "title": "Harrison Storm", "category": "time", "start": "2025-11-04T19:00:00+01:00", "end": "2025-11-04T23:00:00+01:00", "location": "Flex", "body": "", "color": "#ffffff", "bgColor": "#0017e7", "borderColor": "#f9d34d"}, {"id": 44, "calendarId": "flex", "title": "Kakkmaddafakka", "category": "time", "start": "2025-11-05T19:00:00+01:00", "end": "2025-11-05T23:00:00+01:00", "location": "Flex", "body": "", "color": "#ffffff", "bgColor": "#0017e7", "borderColor": "#f9d34d"}, {"id": 45, "calendarId": "flex", "title": "LARA HULO", "category": "time", "start": "2025-11-07T19:00:00+01:00", "end": "2025-11-07T23:00:00+01:00", "location": "Flex", "body": "<p>\u201eIch will nicht nur deine Side B*tch sein. Ich bleib lieber ganz allein.\u201c, spa\u0308testens seit ihrem viralen Hit im November 2023 steht Lara Hulo vor allem fu\u0308r eines: kompromisslose Authentizita\u0308t. Und fu\u0308r eine Ku\u0308nstlerin, die ganz genau wei\u00df, was sie will. Und Lara will viel mehr als nur einen viralen Hit. Sie will nicht weniger [\u2026]</p>\\n", "color": "#ffffff", "bgColor": "#0017e7", "borderColor": "#f9d34d"}, {"id": 46, "calendarId": "flex", "title": "Citizen Soldier", "category": "time", "start": "2025-11-08T19:00:00+01:00", "end": "2025-11-08T23:00:00+01:00", "location": "Flex", "body": "<p>Citizen Soldier was born when frontman Jake Segura penned the lyrics to one of their first songs from a psychiatric hospital in Salt Lake City, Utah. Segura now sits on the other side of the therapy couch, working as a licensed trauma counselor to tell the stories of those navigating internal struggles through a no-frils [\u2026]</p>\\n", "color": "#ffffff", "bgColor": "#0017e7", "borderColor": "#f9d34d"}, {"id": 47, "calendarId": "flex", "title": "The Psychedelic Furs", "category": "time", "start": "2025-11-09T19:00:00+01:00", "end": "2025-11-09T23:00:00+01:00", "location": "Flex", "body": "", "color": "#ffffff", "bgColor": "#0017e7", "borderColor": "#f9d34d"}, {"id": 48, "calendarId": "flex", "title": "Mild Orange", "category": "time", "start": "2025-11-09T19:00:00+01:00", "end": "2025-11-09T23:00:00+01:00", "location": "Flex", "body": "<p>Since forming in Dunedin in 2017, New Zealand\u2019s Mild Orange have become a band belonging to the world that has built an international following on the back of songs that have unfolded like secrets shared between friends and lovers. Or as Billboard put it, \\'Mild Orange have mastered making music for the nostalgic\u2019. The indie [\u2026]</p>\\n", "color": "#ffffff", "bgColor": "#0017e7", "borderColor": "#f9d34d"}, {"id": 49, "calendarId": "flex", "title": "SHORTPARIS", "category": "time", "start": "2025-11-10T19:00:00+01:00", "end": "2025-11-10T23:00:00+01:00", "location": "Flex", "body": "<p>Shortparis Europatournee 2025 Im Herbst 2025 kehren Shortparis mit einer neuen Tournee nach Europa zur\u00fcck! Nutzen Sie die Gelegenheit, die Band im Oktober und November live in Paris, Riga, Helsinki, Tallinn, London, Berlin, Hamburg, Prag, Wien, Barcelona und Amsterdam zu erleben. Die aus St. Petersburg stammende Kunstband gilt als eine der provokantesten und faszinierendsten Erscheinungen [\u2026]</p>\\n", "color": "#ffffff", "bgColor": "#0017e7", "borderColor": "#f9d34d"}, {"id": 50, "calendarId": "flex", "title": "Team Scheisse", "category": "time", "start": "2025-11-11T19:00:00+01:00", "end": "2025-11-11T23:00:00+01:00", "location": "Flex", "body": "<p>Team Scheisse Was soll man zu dieser famosen Truppe aus Bremen gro\u00df sagen? Sie und ihr Schaffen sprechen f\u00fcr sich \u2013 und zwar lautstark. Nach dem selbstver\u00f6ffentlichten Deb\u00fct \u201e8 Hobbies f\u00fcr den sozialen Abstieg\u201c (2020) ging es jedenfalls steil bergauf f\u00fcrs Team Scheisse (das seinem Namen \u00fcbrigens in keinerlei Hinsicht gerecht wird). 2021 folgte prompt [\u2026]</p>\\n", "color": "#ffffff", "bgColor": "#0017e7", "borderColor": "#f9d34d"}, {"id": 51, "calendarId": "flex", "title": "Team Scheisse", "category": "time", "start": "2025-11-12T19:00:00+01:00", "end": "2025-11-12T23:30:00+01:00", "location": "Flex", "body": "<p>Was soll man zu dieser famosen Truppe aus Bremen gro\u00df sagen? Sie und ihr Schaffen sprechen f\u00fcr sich \u2013 und zwar lautstark. Nach dem selbstver\u00f6ffentlichten Deb\u00fct \u201e8 Hobbies f\u00fcr den sozialen Abstieg\u201c (2020) ging es jedenfalls steil bergauf f\u00fcrs Team Scheisse (das seinem Namen \u00fcbrigens in keinerlei Hinsicht gerecht wird). 2021 folgte prompt der Longplayer [\u2026]</p>\\n", "color": "#ffffff", "bgColor": "#0017e7", "borderColor": "#f9d34d"}, {"id": 52, "calendarId": "flex", "title": "BAC", "category": "time", "start": "2025-11-13T19:00:00+01:00", "end": "2025-11-13T23:00:00+01:00", "location": "Flex", "body": "<p>Samuel Bach aka bac (gesprochen \u201ebi ey \u00dfi\u201c) aus Villach, ist gerade einmal 19 Jahre jung und st\u00fcrmte im Handumdrehen mit seiner Musik nicht nur die viralen Spotify Top 50-Charts im gesamten deutschsprachigen Raum, sondern seit kurzem auch die offiziellen Deutschen und \u00d6sterreichischen Charts. Mit seiner im Herbst 2024 erschienenen aktuellen Single \u201eRosaroter Tee\u201c verstr\u00f6mt [\u2026]</p>\\n", "color": "#ffffff", "bgColor": "#0017e7", "borderColor": "#f9d34d"}, {"id": 53, "calendarId": "flex", "title": "The Scratch", "category": "time", "start": "2025-11-13T19:00:00+01:00", "end": "2025-11-13T23:00:00+01:00", "location": "Flex", "body": "<p>The Scratch are a band that don\u2019t seem to fit in anywhere, but have proven to fit in everywhere. Starting out with just acoustic guitars and a wooden box, the band created an immediate buzz in their hometown of Dublin, Ireland. Seemingly incapable of keeping themselves boxed in to one singular genre, they meander intentionally [\u2026]</p>\\n", "color": "#ffffff", "bgColor": "#0017e7", "borderColor": "#f9d34d"}, {"id": 54, "calendarId": "flex", "title": "Jazzbois", "category": "time", "start": "2025-11-14T19:00:00+01:00", "end": "2025-11-14T23:00:00+01:00", "location": "Flex", "body": "<p>Jazzbois is a jazz-hiphop fusion trio from Budapest, Hungary. Their debut album \"Jazzbois Goes Blunt\" had a strong impact on both the jazz and hip-hop scene, creating a unique psychedelic flavoured fusion that shacked the bones of jazz masters and beat lovers alike. As complete newcomers into the scene they were recognized by many key [\u2026]</p>\\n", "color": "#ffffff", "bgColor": "#0017e7", "borderColor": "#f9d34d"}, {"id": 55, "calendarId": "flex", "title": "Marc Scibilia", "category": "time", "start": "2025-11-15T19:00:00+01:00", "end": "2025-11-15T23:00:00+01:00", "location": "Flex", "body": "<p>Marc Scibilia The Buffalo-bred, Nashville-based singer-songwriter Marc Scibilia makes soulful music on his own terms, channeling the national mood. Finding inspiration in folk, country, alternative, and anthemic pop music, he has crafted a distinctly American sound that is rueful yet buoyed by hope. From his Gold-certified single \u2018Unforgettable,\u2019 which garnered over 100m streams and was [\u2026]</p>\\n", "color": "#ffffff", "bgColor": "#0017e7", "borderColor": "#f9d34d"}, {"id": 56, "calendarId": "flex", "title": "Paves16", "category": "time", "start": "2025-11-16T19:00:00+01:00", "end": "2025-11-16T23:00:00+01:00", "location": "Flex", "body": "<p>Paves 16 \u2013 Die unaufhaltsame Stimme einer neuen Generation Paves 16 steht f\u00fcr pure Kraft und Entschlossenheit. Mit seinen ikonischen, orange-lockigen Haaren und einer futuristischen Sonnenbrille ist er nicht nur ein musikalisches, sondern auch ein visuelles Statement. Seine Reise begann in Tagebucheintr\u00e4gen, die ihm Trost spendeten und zu tiefgehenden, ehrlichen Texten wurden. Heute ber\u00fchren seine [\u2026]</p>\\n", "color": "#ffffff", "bgColor": "#0017e7", "borderColor": "#f9d34d"}, {"id": 57, "calendarId": "flex", "title": "Jann", "category": "time", "start": "2025-11-16T19:00:00+01:00", "end": "2025-11-16T23:00:00+01:00", "location": "Flex", "body": "<p>Der polnische Popstar Jann geht diesen Herbst auf Liminal Tour 2025. Vom 10. November bis zum 10. Dezember wird er mit seiner mitrei\u00dfenden Live-Show in zehn St\u00e4dten in Deutschland, \u00d6sterreich und Polen auftreten, darunter Berlin, Hamburg, K\u00f6ln, M\u00fcnchen und Wien. Fans k\u00f6nnen sich auf gewagte neue Arrangements seiner beliebtesten Songs in \u201eit could sound like [\u2026]</p>\\n", "color": "#ffffff", "bgColor": "#0017e7", "borderColor": "#f9d34d"}, {"id": 58, "calendarId": "flex", "title": "ROYA", "category": "time", "start": "2025-11-18T19:00:00+01:00", "end": "2025-11-18T23:00:00+01:00", "location": "Flex", "body": "", "color": "#ffffff", "bgColor": "#0017e7", "borderColor": "#f9d34d"}, {"id": 59, "calendarId": "flex", "title": "Carpetman", "category": "time", "start": "2025-11-19T19:00:00+01:00", "end": "2025-11-19T23:00:00+01:00", "location": "Flex", "body": "<p>With over 1 million monthly listeners on Spotify and more than 100 million streams across platforms, Carpetman \u2013 the enigmatic artist behind the signature carpet mask \u2013 is bringing his genre-bending sound to Europe for the first time. Following a successful debut US tour with Hippie Sabotage, Carpetman now sets his sights on European cities [\u2026]</p>\\n", "color": "#ffffff", "bgColor": "#0017e7", "borderColor": "#f9d34d"}, {"id": 60, "calendarId": "flex", "title": "Smokedope2016", "category": "time", "start": "2025-11-21T19:00:00+01:00", "end": "2025-11-21T23:00:00+01:00", "location": "Flex", "body": "<p>Often credited for bringing cloud rap back to life, Virginia rapper and producer smokedope2016 stands out as a visionary. Little is known about his personal life however, as he prefers to keep his public and private lives separate, rarely sharing details and often blurring his face in videos, social media posts, and album covers. Fan [\u2026]</p>\\n", "color": "#ffffff", "bgColor": "#0017e7", "borderColor": "#f9d34d"}, {"id": 61, "calendarId": "flex", "title": "Joker Out", "category": "time", "start": "2025-11-22T19:00:00+01:00", "end": "2025-11-22T23:00:00+01:00", "location": "Flex", "body": "<p>Joker Out ist eine junge Indie-Rock-Band aus Sloweniens \u2013 und nicht nur in ihrer Heimat haben sie in den letzten Jahren f\u00fcr Furore gesorgt hat. Mit ihrem furiosen Auftritt beim Eurovision Song Contest 2023 und der Nummer \u201eCarpe Diem\u201c eroberten die Burschen die Herzen der Fans im Sturm \u2013 und zwar europaweit. Was sich kennt, [\u2026]</p>\\n", "color": "#ffffff", "bgColor": "#0017e7", "borderColor": "#f9d34d"}, {"id": 62, "calendarId": "flex", "title": "Dead Prez", "category": "time", "start": "2025-11-24T19:00:00+01:00", "end": "2025-11-24T23:00:00+01:00", "location": "Flex", "body": "<p>DEAD PREZ \u2013 25 YEARS OF \u201cLET\u2019S GET FREE\"</p>\\n", "color": "#ffffff", "bgColor": "#0017e7", "borderColor": "#f9d34d"}, {"id": 63, "calendarId": "flex", "title": "Zsa Zsa", "category": "time", "start": "2025-11-27T19:00:00+01:00", "end": "2025-11-27T23:00:00+01:00", "location": "Flex", "body": "<p>Zsa Zsa Crop-Top, Skyline, Nike Shox, Nightlife \u2013 Wer schon mal Bad Bunnies geh\u00f6rt hat, wei\u00df: Zs\u00e1 Zs\u00e1 lebt Pop nicht als Pose, sondern als radikale Selbstentfaltung. Dabei ist sie alles aber kein austauschbares Popsternchen. Wild, laut, zart und furchtlos zugleich ist die in Berlin lebende K\u00fcnstlerin nicht nur mit \u201ezehn Bad Bunnies auf nem [\u2026]</p>\\n", "color": "#ffffff", "bgColor": "#0017e7", "borderColor": "#f9d34d"}, {"id": 64, "calendarId": "flex", "title": "CONNY", "category": "time", "start": "2025-11-27T19:00:00+01:00", "end": "2025-11-27T23:00:00+01:00", "location": "Flex", "body": "<p>Einer der lyrisch und inhaltlich st\u00e4rksten Deutschrap-Newcomer: Geschlechterrollen, Feminismus, kritische M\u00e4nnlichkeit \u2013 bisher hat kein cis-m\u00e4nnlicher Rapper gewagt, ein so umfangreiches Werk zu diesen Themen vorzustellen. Der K\u00f6lner CONNY erz\u00e4hlt mal witzig, mal melancholisch, mal pers\u00f6nlich, mal mit messerscharfem Blick auf gesellschaftliche Ereignisse \u2013 aber immer um die Ecke gedacht und mit viel Liebe zur [\u2026]</p>\\n", "color": "#ffffff", "bgColor": "#0017e7", "borderColor": "#f9d34d"}, {"id": 65, "calendarId": "flex", "title": "Von Seiten der Gemeinde", "category": "time", "start": "2025-11-28T19:00:00+01:00", "end": "2025-11-28T23:00:00+01:00", "location": "Flex", "body": "<p>Von Seiten der GemeindeBurn Down Pavillon Tour presented by 50 years of hip hop & Steelo Burn Down PavillonDie Tiroler Mundart Legenden zu\u0308ndeln mit ihrem brandneuen Album weiter, um die Provinz endgu\u0308ltig in Schutt und Asche zu legen.In einer Zeit, in der die Wirklichkeit Satire im Eiltempo zu u\u0308berholen scheint, melden sich Yo!Zepp, Chrisfader und [\u2026]</p>\\n", "color": "#ffffff", "bgColor": "#0017e7", "borderColor": "#f9d34d"}, {"id": 66, "calendarId": "flex", "title": "Oskar Med K", "category": "time", "start": "2025-11-28T19:00:00+01:00", "end": "2025-11-28T23:00:00+01:00", "location": "Flex", "body": "<p>Up and coming Norwegian producer oskar med k crafts a sound where chill, melodic house meets infectious, masterful songwriting. His immersive productions blend club centric beats, infectious melodies, and ethereal vocals, showcasing an emotional depth that has been catching the ears of many in the industry. Oskar\u2019s talent and distinct style have propelled him onto [\u2026]</p>\\n", "color": "#ffffff", "bgColor": "#0017e7", "borderColor": "#f9d34d"}, {"id": 67, "calendarId": "flex", "title": "Cardinal Black", "category": "time", "start": "2025-11-29T19:00:00+01:00", "end": "2025-11-29T23:00:00+01:00", "location": "Flex", "body": "", "color": "#ffffff", "bgColor": "#0017e7", "borderColor": "#f9d34d"}, {"id": 68, "calendarId": "flex", "title": "Satin Jackets", "category": "time", "start": "2025-11-29T19:00:00+01:00", "end": "2025-11-29T23:00:00+01:00", "location": "Flex", "body": "<p>Ready for take off? Der deutsche Producer Tim Bernhardt aka Satin Jackets pr\u00e4sentiert mit seinem neuen Album \"Cruise Control\" einen perfekten musikalischen Begleiter f\u00fcr entspannte Momente, die uns vom Alltagsstress befreien. Der Titel des Albums ist vielsagend: \"Cruise Control\" steht f\u00fcr das Gef\u00fchl, den Autopiloten einzuschalten, sich zur\u00fcckzulehnen und die Reise in vollen Z\u00fcgen zu [\u2026]</p>\\n", "color": "#ffffff", "bgColor": "#0017e7", "borderColor": "#f9d34d"}, {"id": 69, "calendarId": "flex", "title": "MICO", "category": "time", "start": "2025-12-01T19:00:00+01:00", "end": "2025-12-01T23:00:00+01:00", "location": "Flex", "body": "<p>In a digital era where everyone wants overnight success, alt-pop rising artist MICO showcases that great music and consistency can win the race. Starting as a 16-year-old singing in Discord servers and Twitch streams, MICO (now 22) continues to connect with new listeners one-by-one, paying o\ufb00 in a cult fanbase of 1.6 million digitally (known [\u2026]</p>\\n", "color": "#ffffff", "bgColor": "#0017e7", "borderColor": "#f9d34d"}, {"id": 70, "calendarId": "flex", "title": "Oimara", "category": "time", "start": "2025-12-04T19:00:00+01:00", "end": "2025-12-04T23:00:00+01:00", "location": "Flex", "body": "<p>Oimara Kimm ma ned auf de Tour Der Stenz vom Berg ist l\u00e4ngst in den T\u00e4lern angekommen und wird von Festivalpeople bis Feinschmecker als \u201eZebro\u201c oder \u201eDialektumami\u201c gefeiert. Als moderner Gstanzler, bayerischer Rockstar, Improvisateur und Liedermacher kommt ihm jedes Genre ungerade recht. \u00a0 Seine Kindheit verbachte er \u201ewirtuos\u201c auf der heimischen Hafner-Alm und wurde wegen [\u2026]</p>\\n", "color": "#ffffff", "bgColor": "#0017e7", "borderColor": "#f9d34d"}, {"id": 71, "calendarId": "flex", "title": "THE SUBWAYS", "category": "time", "start": "2025-12-05T19:00:00+01:00", "end": "2025-12-05T23:00:00+01:00", "location": "Flex", "body": "<p>In\u00a02005, teenage trio\u00a0The Subways\u00a0made a phenomenal breakthrough with their\u00a0Gold-certified debut album\u00a0\u2018Young For Eternity\u2019.\u00a0It set them on the road to an endless succession of highlights, including their iconic\u00a0\u2018Rock & Roll Queen\u2019\u00a0becoming a mainstay of rock radio and streaming playlists (with\u00a0100 million+\u00a0streams to date) extensive global headline tours, particularly in the\u00a0UK\u00a0and\u00a0Germany, with a running total of 1059 [\u2026]</p>\\n", "color": "#ffffff", "bgColor": "#0017e7", "borderColor": "#f9d34d"}, {"id": 72, "calendarId": "flex", "title": "Freude", "category": "time", "start": "2025-12-06T19:00:00+01:00", "end": "2025-12-06T23:00:00+01:00", "location": "Flex", "body": "<p>FREUDE ist der Soundtrack f\u00fcr alle, die sich zwischen Vergangenheit & Zukunft, zwischen Melancholie & Euphorie, zwischen Chaos & Klarheit bewegen. Die Welt von FREUDE ist ein Widerspruch. Nostalgisch, aber futuristisch. Warm, aber rau. Zwischen zwei Welten. Nach ihrer ersten eigenen Tour im November vergangenen Jahres, bringt das Trio im November & Dezember 2025 ihren [\u2026]</p>\\n", "color": "#ffffff", "bgColor": "#0017e7", "borderColor": "#f9d34d"}, {"id": 73, "calendarId": "flex", "title": "Adept", "category": "time", "start": "2025-12-07T19:00:00+01:00", "end": "2025-12-07T23:00:00+01:00", "location": "Flex", "body": "<p>Uncompromising, anthemic and built for the stage, ADEPT delivers metalcore at its most intense. With a relentless mix of aggression and melody, the Swedish act has spent over two decades shaping a sound that doesn\u2019t just hit hard \u2013 it ignites. From the chaos of the pit to the weight of their lyrics, ADEPT thrives [\u2026]</p>\\n", "color": "#ffffff", "bgColor": "#0017e7", "borderColor": "#f9d34d"}, {"id": 74, "calendarId": "flex", "title": "Noga Erez", "category": "time", "start": "2025-12-10T19:00:00+01:00", "end": "2025-12-10T23:00:00+01:00", "location": "Flex", "body": "<p>Noga ErezHeadliner Uzi FreyjaSupport Noga Erez is a visionary musician and producer with an innate talent for blending genres and pushing creative boundaries. She along with her partner and producer Rousso have emerged as a trailblazing force in the contemporary music scene. Drawing inspiration from her surroundings and experiences, her music delves fearlessly into topics [\u2026]</p>\\n", "color": "#ffffff", "bgColor": "#0017e7", "borderColor": "#f9d34d"}, {"id": 75, "calendarId": "flex", "title": "BESLIK", "category": "time", "start": "2025-12-12T19:00:00+01:00", "end": "2025-12-12T23:00:00+01:00", "location": "Flex", "body": "<p>Nachher ist nachher, jetzt ist jetzt \u2013 und jetzt solltet ihr lieber nicht dr\u00fcber nachdenken, was nachher ist, sondern auf besliks sehnlichst erwarteten ersten Solo-Tour alle Blockaden hinter euch lassen und die Show genie\u00dfen! Auf seiner Reise durch den deutschsprachigen Kulturraum wird der D\u00fcsseldorfer Stra\u00dfenpoet von verschiedenen Special-Acts begleitet werden und daf\u00fcr sorgen, dass ihr [\u2026]</p>\\n", "color": "#ffffff", "bgColor": "#0017e7", "borderColor": "#f9d34d"}, {"id": 76, "calendarId": "flex", "title": "Jassin", "category": "time", "start": "2025-12-13T19:00:00+01:00", "end": "2025-12-13T23:00:00+01:00", "location": "Flex", "body": "<p>Jassin, 20, ostdeutsche Kleinstadt, wei\u00df nicht was Heimat eigentlich bedeutet. Vielleicht ist deshalb Alles egal, vielleicht ist Alles deshalb umso wichtiger. Viel mehr war \u00fcber den Rapper und S\u00e4nger Anfang 2024 noch nicht bekannt. Im Fr\u00fchjahr letzten Jahres ver\u00f6ffentlichte Jassin erste Videos auf Instagram und TikTok, die in k\u00fcrzester Zeit tausende von Klicks generierten. Im [\u2026]</p>\\n", "color": "#ffffff", "bgColor": "#0017e7", "borderColor": "#f9d34d"}, {"id": 77, "calendarId": "flex", "title": "Glueboys", "category": "time", "start": "2025-12-14T19:00:00+01:00", "end": "2025-12-14T23:00:00+01:00", "location": "Flex", "body": "<p>Glueboys Tour</p>\\n", "color": "#ffffff", "bgColor": "#0017e7", "borderColor": "#f9d34d"}, {"id": 78, "calendarId": "flex", "title": "Lambrini Girls", "category": "time", "start": "2025-12-16T19:00:00+01:00", "end": "2025-12-16T23:00:00+01:00", "location": "Flex", "body": "", "color": "#ffffff", "bgColor": "#0017e7", "borderColor": "#f9d34d"}, {"id": 79, "calendarId": "flex", "title": "UMSE", "category": "time", "start": "2025-12-18T19:00:00+01:00", "end": "2025-12-18T23:00:00+01:00", "location": "Flex", "body": "<p>Christoph Umbeck, besser bekannt unter seinem K\u00fcnstlernamen \u201cUMSE\u201d, l\u00e4uft diesen Marathon jetzt schon ne Weile. Er hat zwischen 2005 und 2025 ganze elf Scheiben rausgebracht, darunterdrei EPs und acht Alben. Mal war es ein Konzeptalbum \u201cRheinisches Blatt\u201d, mal einfach \u201cKunst f\u00fcr sich\u201d und mal ging es \u201cDurch die Wolkendecke\u201d, um nur einige Titel zu nennen. [\u2026]</p>\\n", "color": "#ffffff", "bgColor": "#0017e7", "borderColor": "#f9d34d"}, {"id": 80, "calendarId": "flex", "title": "Earl Sweatshirt", "category": "time", "start": "2026-01-31T19:00:00+01:00", "end": "2026-01-31T23:00:00+01:00", "location": "Flex", "body": "<p>For over a decade, the rapper Earl Sweatshirt has galvanized fans with his virtuosic storytelling, generous vulnerability, and lyrical gift. A wunderkind that emerged at just 16 from the raw and incendiary Odd Future collective, Earl quickly set himself apart with his dense introspection, off-kilter cadences, and a brooding intellect that belied his youth. Across [\u2026]</p>\\n", "color": "#ffffff", "bgColor": "#0017e7", "borderColor": "#f9d34d"}]